train/Type_1/930.jpg,Type_1,0
train/Type_1/739.jpg,Type_1,0
train/Type_1/908.jpg,Type_1,0
train/Type_1/1370.jpg,Type_1,0
train/Type_1/787.jpg,Type_1,0
train/Type_1/593.jpg,Type_1,0
train/Type_1/1344.jpg,Type_1,0
train/Type_1/191.jpg,Type_1,0
train/Type_1/917.jpg,Type_1,0
train/Type_1/1190.jpg,Type_1,0
train/Type_1/254.jpg,Type_1,0
train/Type_1/306.jpg,Type_1,0
train/Type_1/421.jpg,Type_1,0
train/Type_1/481.jpg,Type_1,0
train/Type_1/1014.jpg,Type_1,0
train/Type_1/14.jpg,Type_1,0
train/Type_1/708.jpg,Type_1,0
train/Type_1/470.jpg,Type_1,0
train/Type_1/387.jpg,Type_1,0
train/Type_1/248.jpg,Type_1,0
train/Type_1/890.jpg,Type_1,0
train/Type_1/34.jpg,Type_1,0
train/Type_1/267.jpg,Type_1,0
train/Type_1/1174.jpg,Type_1,0
train/Type_1/551.jpg,Type_1,0
train/Type_1/576.jpg,Type_1,0
train/Type_1/148.jpg,Type_1,0
train/Type_1/759.jpg,Type_1,0
train/Type_1/171.jpg,Type_1,0
train/Type_1/57.jpg,Type_1,0
train/Type_1/1320.jpg,Type_1,0
train/Type_1/1226.jpg,Type_1,0
train/Type_1/1059.jpg,Type_1,0
train/Type_1/619.jpg,Type_1,0
train/Type_1/1136.jpg,Type_1,0
train/Type_1/1239.jpg,Type_1,0
train/Type_1/1100.jpg,Type_1,0
train/Type_1/55.jpg,Type_1,0
train/Type_1/41.jpg,Type_1,0
train/Type_1/1230.jpg,Type_1,0
train/Type_1/1464.jpg,Type_1,0
train/Type_1/809.jpg,Type_1,0
train/Type_1/1024.jpg,Type_1,0
train/Type_1/1326.jpg,Type_1,0
train/Type_1/311.jpg,Type_1,0
train/Type_1/578.jpg,Type_1,0
train/Type_1/215.jpg,Type_1,0
train/Type_1/218.jpg,Type_1,0
train/Type_1/810.jpg,Type_1,0
train/Type_1/441.jpg,Type_1,0
train/Type_1/102.jpg,Type_1,0
train/Type_1/532.jpg,Type_1,0
train/Type_1/583.jpg,Type_1,0
train/Type_1/1324.jpg,Type_1,0
train/Type_1/605.jpg,Type_1,0
train/Type_1/27.jpg,Type_1,0
train/Type_1/817.jpg,Type_1,0
train/Type_1/620.jpg,Type_1,0
train/Type_1/745.jpg,Type_1,0
train/Type_1/920.jpg,Type_1,0
train/Type_1/1422.jpg,Type_1,0
train/Type_1/1179.jpg,Type_1,0
train/Type_1/1139.jpg,Type_1,0
train/Type_1/1093.jpg,Type_1,0
train/Type_1/977.jpg,Type_1,0
train/Type_1/376.jpg,Type_1,0
train/Type_1/1390.jpg,Type_1,0
train/Type_1/1288.jpg,Type_1,0
train/Type_1/1061.jpg,Type_1,0
train/Type_1/783.jpg,Type_1,0
train/Type_1/1430.jpg,Type_1,0
train/Type_1/649.jpg,Type_1,0
train/Type_1/1070.jpg,Type_1,0
train/Type_1/356.jpg,Type_1,0
train/Type_1/1427.jpg,Type_1,0
train/Type_1/531.jpg,Type_1,0
train/Type_1/1346.jpg,Type_1,0
train/Type_1/879.jpg,Type_1,0
train/Type_1/237.jpg,Type_1,0
train/Type_1/1013.jpg,Type_1,0
train/Type_1/643.jpg,Type_1,0
train/Type_1/308.jpg,Type_1,0
train/Type_1/560.jpg,Type_1,0
train/Type_1/138.jpg,Type_1,0
train/Type_1/764.jpg,Type_1,0
train/Type_1/821.jpg,Type_1,0
train/Type_1/624.jpg,Type_1,0
train/Type_1/1393.jpg,Type_1,0
train/Type_1/142.jpg,Type_1,0
train/Type_1/201.jpg,Type_1,0
train/Type_1/1389.jpg,Type_1,0
train/Type_1/833.jpg,Type_1,0
train/Type_1/463.jpg,Type_1,0
train/Type_1/918.jpg,Type_1,0
train/Type_1/668.jpg,Type_1,0
train/Type_1/454.jpg,Type_1,0
train/Type_1/12.jpg,Type_1,0
train/Type_1/846.jpg,Type_1,0
train/Type_1/294.jpg,Type_1,0
train/Type_1/536.jpg,Type_1,0
train/Type_1/901.jpg,Type_1,0
train/Type_1/709.jpg,Type_1,0
train/Type_1/1274.jpg,Type_1,0
train/Type_1/1273.jpg,Type_1,0
train/Type_1/1194.jpg,Type_1,0
train/Type_1/1251.jpg,Type_1,0
train/Type_1/129.jpg,Type_1,0
train/Type_1/298.jpg,Type_1,0
train/Type_1/1077.jpg,Type_1,0
train/Type_1/252.jpg,Type_1,0
train/Type_1/176.jpg,Type_1,0
train/Type_1/579.jpg,Type_1,0
train/Type_1/338.jpg,Type_1,0
train/Type_1/342.jpg,Type_1,0
train/Type_1/550.jpg,Type_1,0
train/Type_1/396.jpg,Type_1,0
train/Type_1/1339.jpg,Type_1,0
train/Type_1/982.jpg,Type_1,0
train/Type_1/1105.jpg,Type_1,0
train/Type_1/1134.jpg,Type_1,0
train/Type_1/710.jpg,Type_1,0
train/Type_1/35.jpg,Type_1,0
train/Type_1/1279.jpg,Type_1,0
train/Type_1/700.jpg,Type_1,0
train/Type_1/645.jpg,Type_1,0
train/Type_1/349.jpg,Type_1,0
train/Type_1/208.jpg,Type_1,0
train/Type_1/1071.jpg,Type_1,0
train/Type_1/984.jpg,Type_1,0
train/Type_1/1285.jpg,Type_1,0
train/Type_1/713.jpg,Type_1,0
train/Type_1/663.jpg,Type_1,0
train/Type_1/779.jpg,Type_1,0
train/Type_1/181.jpg,Type_1,0
train/Type_1/478.jpg,Type_1,0
train/Type_1/230.jpg,Type_1,0
train/Type_1/109.jpg,Type_1,0
train/Type_1/769.jpg,Type_1,0
train/Type_1/582.jpg,Type_1,0
train/Type_1/685.jpg,Type_1,0
train/Type_1/998.jpg,Type_1,0
train/Type_1/1079.jpg,Type_1,0
train/Type_1/434.jpg,Type_1,0
train/Type_1/727.jpg,Type_1,0
train/Type_1/416.jpg,Type_1,0
train/Type_1/1033.jpg,Type_1,0
train/Type_1/683.jpg,Type_1,0
train/Type_1/1384.jpg,Type_1,0
train/Type_1/1314.jpg,Type_1,0
train/Type_1/245.jpg,Type_1,0
train/Type_1/1040.jpg,Type_1,0
train/Type_1/972.jpg,Type_1,0
train/Type_1/1161.jpg,Type_1,0
train/Type_1/1289.jpg,Type_1,0
train/Type_1/732.jpg,Type_1,0
train/Type_1/891.jpg,Type_1,0
train/Type_1/791.jpg,Type_1,0
train/Type_1/623.jpg,Type_1,0
train/Type_1/1131.jpg,Type_1,0
train/Type_1/10.jpg,Type_1,0
train/Type_1/1245.jpg,Type_1,0
train/Type_1/81.jpg,Type_1,0
train/Type_1/539.jpg,Type_1,0
train/Type_1/265.jpg,Type_1,0
train/Type_1/836.jpg,Type_1,0
train/Type_1/765.jpg,Type_1,0
train/Type_1/751.jpg,Type_1,0
train/Type_1/855.jpg,Type_1,0
train/Type_1/446.jpg,Type_1,0
train/Type_1/667.jpg,Type_1,0
train/Type_1/0.jpg,Type_1,0
train/Type_1/401.jpg,Type_1,0
train/Type_1/513.jpg,Type_1,0
train/Type_1/48.jpg,Type_1,0
train/Type_1/346.jpg,Type_1,0
train/Type_1/1308.jpg,Type_1,0
train/Type_1/383.jpg,Type_1,0
train/Type_1/596.jpg,Type_1,0
train/Type_1/641.jpg,Type_1,0
train/Type_1/1468.jpg,Type_1,0
train/Type_1/1154.jpg,Type_1,0
train/Type_1/1168.jpg,Type_1,0
train/Type_1/104.jpg,Type_1,0
train/Type_1/805.jpg,Type_1,0
train/Type_1/1123.jpg,Type_1,0
train/Type_1/880.jpg,Type_1,0
train/Type_1/262.jpg,Type_1,0
train/Type_1/281.jpg,Type_1,0
train/Type_1/1204.jpg,Type_1,0
train/Type_1/991.jpg,Type_1,0
train/Type_1/653.jpg,Type_1,0
train/Type_1/763.jpg,Type_1,0
train/Type_1/580.jpg,Type_1,0
train/Type_1/144.jpg,Type_1,0
train/Type_1/1473.jpg,Type_1,0
train/Type_1/1281.jpg,Type_1,0
train/Type_1/379.jpg,Type_1,0
train/Type_1/887.jpg,Type_1,0
train/Type_1/469.jpg,Type_1,0
train/Type_1/425.jpg,Type_1,0
train/Type_1/7.jpg,Type_1,0
train/Type_1/725.jpg,Type_1,0
train/Type_1/160.jpg,Type_1,0
train/Type_1/1056.jpg,Type_1,0
train/Type_1/889.jpg,Type_1,0
train/Type_1/802.jpg,Type_1,0
train/Type_1/229.jpg,Type_1,0
train/Type_1/333.jpg,Type_1,0
train/Type_1/484.jpg,Type_1,0
train/Type_1/518.jpg,Type_1,0
train/Type_1/1199.jpg,Type_1,0
train/Type_1/921.jpg,Type_1,0
train/Type_1/1336.jpg,Type_1,0
train/Type_1/906.jpg,Type_1,0
train/Type_1/516.jpg,Type_1,0
train/Type_1/1026.jpg,Type_1,0
train/Type_1/96.jpg,Type_1,0
train/Type_1/1229.jpg,Type_1,0
train/Type_1/1023.jpg,Type_1,0
train/Type_1/497.jpg,Type_1,0
train/Type_1/523.jpg,Type_1,0
train/Type_1/1220.jpg,Type_1,0
train/Type_1/239.jpg,Type_1,0
train/Type_1/1456.jpg,Type_1,0
train/Type_1/1223.jpg,Type_1,0
train/Type_1/471.jpg,Type_1,0
train/Type_1/1414.jpg,Type_1,0
train/Type_1/814.jpg,Type_1,0
train/Type_1/205.jpg,Type_1,0
train/Type_1/895.jpg,Type_1,0
train/Type_1/1019.jpg,Type_1,0
train/Type_1/558.jpg,Type_1,0
train/Type_1/562.jpg,Type_1,0
train/Type_1/1202.jpg,Type_1,0
train/Type_1/1437.jpg,Type_1,0
train/Type_1/13.jpg,Type_1,0
train/Type_1/660.jpg,Type_1,0
train/Type_1/965.jpg,Type_1,0
train/Type_1/553.jpg,Type_1,0
train/Type_1/842.jpg,Type_1,0
train/Type_1/1440.jpg,Type_1,0
train/Type_1/873.jpg,Type_1,0
train/Type_1/139.jpg,Type_1,0
train/Type_1/334.jpg,Type_1,0
train/Type_1/1027.jpg,Type_1,0
train/Type_1/677.jpg,Type_1,0
train/Type_1/180.jpg,Type_1,0
train/Type_1/384.jpg,Type_1,0
train/Type_1/928.jpg,Type_1,0
train/Type_1/47.jpg,Type_1,0
train/Type_3/975.jpg,Type_3,2
train/Type_3/910.jpg,Type_3,2
train/Type_3/784.jpg,Type_3,2
train/Type_3/62.jpg,Type_3,2
train/Type_3/1259.jpg,Type_3,2
train/Type_3/635.jpg,Type_3,2
train/Type_3/226.jpg,Type_3,2
train/Type_3/491.jpg,Type_3,2
train/Type_3/1069.jpg,Type_3,2
train/Type_3/1459.jpg,Type_3,2
train/Type_3/135.jpg,Type_3,2
train/Type_3/1408.jpg,Type_3,2
train/Type_3/1244.jpg,Type_3,2
train/Type_3/803.jpg,Type_3,2
train/Type_3/670.jpg,Type_3,2
train/Type_3/924.jpg,Type_3,2
train/Type_3/259.jpg,Type_3,2
train/Type_3/1062.jpg,Type_3,2
train/Type_3/567.jpg,Type_3,2
train/Type_3/782.jpg,Type_3,2
train/Type_3/286.jpg,Type_3,2
train/Type_3/565.jpg,Type_3,2
train/Type_3/1094.jpg,Type_3,2
train/Type_3/49.jpg,Type_3,2
train/Type_3/170.jpg,Type_3,2
train/Type_3/1333.jpg,Type_3,2
train/Type_3/1367.jpg,Type_3,2
train/Type_3/585.jpg,Type_3,2
train/Type_3/1287.jpg,Type_3,2
train/Type_3/352.jpg,Type_3,2
train/Type_3/604.jpg,Type_3,2
train/Type_3/1409.jpg,Type_3,2
train/Type_3/1015.jpg,Type_3,2
train/Type_3/823.jpg,Type_3,2
train/Type_3/898.jpg,Type_3,2
train/Type_3/945.jpg,Type_3,2
train/Type_3/864.jpg,Type_3,2
train/Type_3/1034.jpg,Type_3,2
train/Type_3/952.jpg,Type_3,2
train/Type_3/166.jpg,Type_3,2
train/Type_3/187.jpg,Type_3,2
train/Type_3/98.jpg,Type_3,2
train/Type_3/1129.jpg,Type_3,2
train/Type_3/1127.jpg,Type_3,2
train/Type_3/1442.jpg,Type_3,2
train/Type_3/927.jpg,Type_3,2
train/Type_3/1020.jpg,Type_3,2
train/Type_3/108.jpg,Type_3,2
train/Type_3/426.jpg,Type_3,2
train/Type_3/289.jpg,Type_3,2
train/Type_3/61.jpg,Type_3,2
train/Type_3/788.jpg,Type_3,2
train/Type_3/18.jpg,Type_3,2
train/Type_3/1120.jpg,Type_1,0
train/Type_3/587.jpg,Type_3,2
train/Type_3/675.jpg,Type_3,2
train/Type_3/477.jpg,Type_3,2
train/Type_3/968.jpg,Type_1,0
train/Type_3/636.jpg,Type_3,2
train/Type_3/1275.jpg,Type_3,2
train/Type_3/695.jpg,Type_3,2
train/Type_3/1108.jpg,Type_3,2
train/Type_3/943.jpg,Type_3,2
train/Type_3/1410.jpg,Type_3,2
train/Type_3/1200.jpg,Type_3,2
train/Type_3/370.jpg,Type_3,2
train/Type_3/188.jpg,Type_3,2
train/Type_3/828.jpg,Type_3,2
train/Type_3/1477.jpg,Type_3,2
train/Type_3/362.jpg,Type_3,2
train/Type_3/1455.jpg,Type_3,2
train/Type_3/1403.jpg,Type_3,2
train/Type_3/242.jpg,Type_3,2
train/Type_3/373.jpg,Type_3,2
train/Type_3/664.jpg,Type_3,2
train/Type_3/835.jpg,Type_3,2
train/Type_3/746.jpg,Type_3,2
train/Type_3/1412.jpg,Type_3,2
train/Type_3/1153.jpg,Type_3,2
train/Type_3/575.jpg,Type_3,2
train/Type_3/514.jpg,Type_3,2
train/Type_3/1387.jpg,Type_3,2
train/Type_3/1420.jpg,Type_3,2
train/Type_3/193.jpg,Type_3,2
train/Type_3/1101.jpg,Type_3,2
train/Type_3/892.jpg,Type_3,2
train/Type_3/1252.jpg,Type_3,2
train/Type_3/58.jpg,Type_3,2
train/Type_3/1183.jpg,Type_3,2
train/Type_3/986.jpg,Type_3,2
train/Type_3/1296.jpg,Type_3,2
train/Type_3/914.jpg,Type_3,2
train/Type_3/325.jpg,Type_3,2
train/Type_3/335.jpg,Type_3,2
train/Type_3/808.jpg,Type_3,2
train/Type_3/1163.jpg,Type_3,2
train/Type_3/876.jpg,Type_3,2
train/Type_3/450.jpg,Type_3,2
train/Type_3/527.jpg,Type_3,2
train/Type_3/466.jpg,Type_3,2
train/Type_3/1265.jpg,Type_3,2
train/Type_3/392.jpg,Type_3,2
train/Type_3/479.jpg,Type_3,2
train/Type_3/870.jpg,Type_3,2
train/Type_3/820.jpg,Type_3,2
train/Type_3/692.jpg,Type_3,2
train/Type_3/69.jpg,Type_3,2
train/Type_3/217.jpg,Type_3,2
train/Type_3/853.jpg,Type_3,2
train/Type_3/1280.jpg,Type_3,2
train/Type_3/212.jpg,Type_3,2
train/Type_3/866.jpg,Type_3,2
train/Type_3/1063.jpg,Type_3,2
train/Type_3/154.jpg,Type_3,2
train/Type_3/194.jpg,Type_3,2
train/Type_3/899.jpg,Type_3,2
train/Type_3/916.jpg,Type_3,2
train/Type_3/878.jpg,Type_3,2
train/Type_3/1248.jpg,Type_3,2
train/Type_3/50.jpg,Type_3,2
train/Type_3/391.jpg,Type_3,2
train/Type_3/163.jpg,Type_3,2
train/Type_3/500.jpg,Type_3,2
train/Type_3/280.jpg,Type_3,2
train/Type_3/427.jpg,Type_3,2
train/Type_3/1360.jpg,Type_3,2
train/Type_3/363.jpg,Type_3,2
train/Type_3/944.jpg,Type_3,2
train/Type_3/694.jpg,Type_3,2
train/Type_3/672.jpg,Type_3,2
train/Type_3/1431.jpg,Type_3,2
train/Type_3/25.jpg,Type_3,2
train/Type_3/875.jpg,Type_3,2
train/Type_3/606.jpg,Type_3,2
train/Type_3/169.jpg,Type_3,2
train/Type_3/489.jpg,Type_3,2
train/Type_3/869.jpg,Type_3,2
train/Type_3/492.jpg,Type_3,2
train/Type_3/433.jpg,Type_3,2
train/Type_3/1306.jpg,Type_3,2
train/Type_3/273.jpg,Type_3,2
train/Type_3/736.jpg,Type_3,2
train/Type_3/654.jpg,Type_3,2
train/Type_3/773.jpg,Type_3,2
train/Type_3/318.jpg,Type_3,2
train/Type_3/951.jpg,Type_3,2
train/Type_3/625.jpg,Type_3,2
train/Type_3/510.jpg,Type_3,2
train/Type_3/299.jpg,Type_3,2
train/Type_3/1460.jpg,Type_3,2
train/Type_3/1112.jpg,Type_3,2
train/Type_3/221.jpg,Type_3,2
train/Type_3/1111.jpg,Type_3,2
train/Type_3/1394.jpg,Type_3,2
train/Type_3/1031.jpg,Type_3,2
train/Type_3/661.jpg,Type_3,2
train/Type_3/1107.jpg,Type_3,2
train/Type_3/150.jpg,Type_3,2
train/Type_3/1286.jpg,Type_3,2
train/Type_3/598.jpg,Type_3,2
train/Type_3/822.jpg,Type_3,2
train/Type_3/357.jpg,Type_3,2
train/Type_3/498.jpg,Type_3,2
train/Type_3/767.jpg,Type_3,2
train/Type_3/1133.jpg,Type_3,2
train/Type_3/872.jpg,Type_3,2
train/Type_3/897.jpg,Type_3,2
train/Type_3/949.jpg,Type_3,2
train/Type_3/1309.jpg,Type_3,2
train/Type_3/1475.jpg,Type_3,2
train/Type_3/300.jpg,Type_3,2
train/Type_3/475.jpg,Type_3,2
train/Type_3/626.jpg,Type_3,2
train/Type_3/1375.jpg,Type_3,2
train/Type_3/962.jpg,Type_3,2
train/Type_3/263.jpg,Type_3,2
train/Type_3/38.jpg,Type_3,2
train/Type_3/405.jpg,Type_3,2
train/Type_3/1004.jpg,Type_3,2
train/Type_3/106.jpg,Type_3,2
train/Type_3/1028.jpg,Type_3,2
train/Type_3/735.jpg,Type_3,2
train/Type_3/715.jpg,Type_3,2
train/Type_3/881.jpg,Type_3,2
train/Type_3/1347.jpg,Type_3,2
train/Type_3/1402.jpg,Type_3,2
train/Type_3/23.jpg,Type_3,2
train/Type_3/1064.jpg,Type_3,2
train/Type_3/1434.jpg,Type_3,2
train/Type_3/571.jpg,Type_3,2
train/Type_3/1404.jpg,Type_3,2
train/Type_3/130.jpg,Type_3,2
train/Type_3/573.jpg,Type_3,2
train/Type_3/818.jpg,Type_3,2
train/Type_3/1041.jpg,Type_3,2
train/Type_3/11.jpg,Type_3,2
train/Type_3/253.jpg,Type_3,2
train/Type_3/747.jpg,Type_3,2
train/Type_3/256.jpg,Type_3,2
train/Type_3/347.jpg,Type_3,2
train/Type_3/690.jpg,Type_3,2
train/Type_3/295.jpg,Type_3,2
train/Type_3/196.jpg,Type_3,2
train/Type_3/214.jpg,Type_3,2
train/Type_3/275.jpg,Type_3,2
train/Type_3/409.jpg,Type_3,2
train/Type_3/1350.jpg,Type_3,2
train/Type_3/63.jpg,Type_3,2
train/Type_3/1397.jpg,Type_3,2
train/Type_3/480.jpg,Type_3,2
train/Type_3/774.jpg,Type_3,2
train/Type_3/269.jpg,Type_3,2
train/Type_3/1284.jpg,Type_3,2
train/Type_3/125.jpg,Type_3,2
train/Type_3/1366.jpg,Type_3,2
train/Type_3/679.jpg,Type_3,2
train/Type_3/1270.jpg,Type_3,2
train/Type_3/543.jpg,Type_3,2
train/Type_3/1332.jpg,Type_3,2
train/Type_3/512.jpg,Type_3,2
train/Type_3/1206.jpg,Type_3,2
train/Type_3/1417.jpg,Type_3,2
train/Type_3/1008.jpg,Type_3,2
train/Type_3/1448.jpg,Type_3,2
train/Type_3/627.jpg,Type_3,2
train/Type_3/1382.jpg,Type_3,2
train/Type_3/292.jpg,Type_3,2
train/Type_3/1401.jpg,Type_3,2
train/Type_3/758.jpg,Type_3,2
train/Type_3/207.jpg,Type_3,2
train/Type_3/199.jpg,Type_3,2
train/Type_3/465.jpg,Type_3,2
train/Type_3/520.jpg,Type_3,2
train/Type_3/845.jpg,Type_3,2
train/Type_3/30.jpg,Type_3,2
train/Type_3/232.jpg,Type_3,2
train/Type_3/1157.jpg,Type_3,2
train/Type_3/600.jpg,Type_3,2
train/Type_3/320.jpg,Type_3,2
train/Type_3/307.jpg,Type_3,2
train/Type_3/1277.jpg,Type_3,2
train/Type_3/907.jpg,Type_3,2
train/Type_3/590.jpg,Type_3,2
train/Type_3/73.jpg,Type_3,2
train/Type_3/1372.jpg,Type_3,2
train/Type_3/1060.jpg,Type_3,2
train/Type_3/837.jpg,Type_3,2
train/Type_3/628.jpg,Type_3,2
train/Type_3/5.jpg,Type_3,2
train/Type_3/402.jpg,Type_3,2
train/Type_3/554.jpg,Type_3,2
train/Type_3/1048.jpg,Type_3,2
train/Type_3/953.jpg,Type_3,2
train/Type_3/71.jpg,Type_3,2
train/Type_3/630.jpg,Type_3,2
train/Type_3/1470.jpg,Type_3,2
train/Type_3/321.jpg,Type_3,2
train/Type_3/430.jpg,Type_3,2
train/Type_3/399.jpg,Type_3,2
train/Type_3/228.jpg,Type_3,2
train/Type_3/344.jpg,Type_3,2
train/Type_3/202.jpg,Type_3,2
train/Type_3/1053.jpg,Type_3,2
train/Type_3/740.jpg,Type_3,2
train/Type_3/1082.jpg,Type_3,2
train/Type_3/1177.jpg,Type_3,2
train/Type_3/766.jpg,Type_3,2
train/Type_3/801.jpg,Type_3,2
train/Type_3/111.jpg,Type_3,2
train/Type_3/697.jpg,Type_3,2
train/Type_3/650.jpg,Type_3,2
train/Type_3/260.jpg,Type_3,2
train/Type_3/33.jpg,Type_3,2
train/Type_3/646.jpg,Type_3,2
train/Type_3/1128.jpg,Type_3,2
train/Type_3/417.jpg,Type_3,2
train/Type_3/249.jpg,Type_3,2
train/Type_3/247.jpg,Type_3,2
train/Type_3/1291.jpg,Type_3,2
train/Type_3/211.jpg,Type_3,2
train/Type_3/900.jpg,Type_3,2
train/Type_3/1182.jpg,Type_3,2
train/Type_3/731.jpg,Type_3,2
train/Type_3/1080.jpg,Type_3,2
train/Type_3/118.jpg,Type_3,2
train/Type_3/733.jpg,Type_3,2
train/Type_3/415.jpg,Type_3,2
train/Type_3/200.jpg,Type_3,2
train/Type_3/336.jpg,Type_3,2
train/Type_3/629.jpg,Type_3,2
train/Type_3/145.jpg,Type_3,2
train/Type_3/711.jpg,Type_3,2
train/Type_3/277.jpg,Type_3,2
train/Type_3/82.jpg,Type_3,2
train/Type_3/155.jpg,Type_3,2
train/Type_3/796.jpg,Type_3,2
train/Type_3/272.jpg,Type_3,2
train/Type_3/757.jpg,Type_3,2
train/Type_3/983.jpg,Type_3,2
train/Type_3/1029.jpg,Type_3,2
train/Type_3/1092.jpg,Type_3,2
train/Type_3/941.jpg,Type_3,2
train/Type_3/776.jpg,Type_3,2
train/Type_3/431.jpg,Type_3,2
train/Type_3/755.jpg,Type_3,2
train/Type_3/812.jpg,Type_3,2
train/Type_3/1045.jpg,Type_3,2
train/Type_3/1461.jpg,Type_3,2
train/Type_3/893.jpg,Type_3,2
train/Type_3/1237.jpg,Type_3,2
train/Type_3/923.jpg,Type_3,2
train/Type_3/980.jpg,Type_3,2
train/Type_3/323.jpg,Type_3,2
train/Type_3/70.jpg,Type_3,2
train/Type_3/1207.jpg,Type_3,2
train/Type_3/1166.jpg,Type_3,2
train/Type_3/555.jpg,Type_3,2
train/Type_3/599.jpg,Type_3,2
train/Type_3/179.jpg,Type_3,2
train/Type_3/1037.jpg,Type_3,2
train/Type_3/1341.jpg,Type_3,2
train/Type_3/1396.jpg,Type_3,2
train/Type_3/1429.jpg,Type_3,2
train/Type_3/197.jpg,Type_3,2
train/Type_3/20.jpg,Type_3,2
train/Type_3/1335.jpg,Type_3,2
train/Type_3/220.jpg,Type_3,2
train/Type_3/1208.jpg,Type_3,2
train/Type_3/811.jpg,Type_3,2
train/Type_3/3.jpg,Type_3,2
train/Type_3/1221.jpg,Type_3,2
train/Type_3/806.jpg,Type_3,2
train/Type_3/1307.jpg,Type_3,2
train/Type_3/467.jpg,Type_3,2
train/Type_3/1003.jpg,Type_3,2
train/Type_3/422.jpg,Type_3,2
train/Type_3/1095.jpg,Type_3,2
train/Type_3/1224.jpg,Type_3,2
train/Type_3/141.jpg,Type_3,2
train/Type_3/143.jpg,Type_3,2
train/Type_3/350.jpg,Type_3,2
train/Type_3/174.jpg,Type_3,2
train/Type_3/16.jpg,Type_3,2
train/Type_3/734.jpg,Type_3,2
train/Type_3/424.jpg,Type_3,2
train/Type_3/261.jpg,Type_3,2
train/Type_3/637.jpg,Type_3,2
train/Type_3/931.jpg,Type_3,2
train/Type_3/1300.jpg,Type_3,2
train/Type_3/1425.jpg,Type_3,2
train/Type_3/1447.jpg,Type_3,2
train/Type_3/947.jpg,Type_3,2
train/Type_3/752.jpg,Type_3,2
train/Type_3/1323.jpg,Type_3,2
train/Type_3/1364.jpg,Type_3,2
train/Type_3/304.jpg,Type_3,2
train/Type_3/1030.jpg,Type_3,2
train/Type_3/1256.jpg,Type_3,2
train/Type_3/1351.jpg,Type_3,2
train/Type_3/877.jpg,Type_3,2
train/Type_3/494.jpg,Type_3,2
train/Type_3/1423.jpg,Type_3,2
train/Type_3/996.jpg,Type_3,2
train/Type_3/172.jpg,Type_3,2
train/Type_3/1469.jpg,Type_3,2
train/Type_3/840.jpg,Type_3,2
train/Type_3/1009.jpg,Type_3,2
train/Type_3/800.jpg,Type_3,2
train/Type_3/468.jpg,Type_3,2
train/Type_3/995.jpg,Type_3,2
train/Type_3/59.jpg,Type_3,2
train/Type_3/742.jpg,Type_3,2
train/Type_3/439.jpg,Type_3,2
train/Type_3/594.jpg,Type_3,2
train/Type_3/361.jpg,Type_3,2
train/Type_3/1400.jpg,Type_3,2
train/Type_3/355.jpg,Type_3,2
train/Type_3/1052.jpg,Type_3,2
train/Type_3/1000.jpg,Type_3,2
train/Type_3/728.jpg,Type_3,2
train/Type_3/309.jpg,Type_3,2
train/Type_3/114.jpg,Type_3,2
train/Type_3/530.jpg,Type_3,2
train/Type_3/83.jpg,Type_3,2
train/Type_3/287.jpg,Type_3,2
train/Type_3/495.jpg,Type_3,2
train/Type_3/1254.jpg,Type_3,2
train/Type_3/1113.jpg,Type_3,2
train/Type_3/1355.jpg,Type_3,2
train/Type_3/113.jpg,Type_3,2
train/Type_3/902.jpg,Type_3,2
train/Type_3/222.jpg,Type_3,2
train/Type_3/848.jpg,Type_3,2
train/Type_3/778.jpg,Type_3,2
train/Type_3/689.jpg,Type_3,2
train/Type_3/519.jpg,Type_3,2
train/Type_3/327.jpg,Type_3,2
train/Type_3/721.jpg,Type_3,2
train/Type_3/1458.jpg,Type_3,2
train/Type_3/780.jpg,Type_3,2
train/Type_3/1191.jpg,Type_3,2
train/Type_3/1162.jpg,Type_3,2
train/Type_3/1088.jpg,Type_3,2
train/Type_3/1150.jpg,Type_3,2
train/Type_3/1235.jpg,Type_3,2
train/Type_3/885.jpg,Type_3,2
train/Type_3/839.jpg,Type_3,2
train/Type_3/770.jpg,Type_3,2
train/Type_3/380.jpg,Type_3,2
train/Type_3/146.jpg,Type_3,2
train/Type_3/436.jpg,Type_3,2
train/Type_3/993.jpg,Type_3,2
train/Type_3/1479.jpg,Type_3,2
train/Type_3/1137.jpg,Type_3,2
train/Type_3/1164.jpg,Type_3,2
train/Type_3/158.jpg,Type_3,2
train/Type_3/328.jpg,Type_3,2
train/Type_3/954.jpg,Type_3,2
train/Type_3/258.jpg,Type_3,2
train/Type_3/950.jpg,Type_3,2
train/Type_3/1232.jpg,Type_3,2
train/Type_3/459.jpg,Type_3,2
train/Type_3/324.jpg,Type_3,2
train/Type_3/435.jpg,Type_3,2
train/Type_3/1165.jpg,Type_3,2
train/Type_3/1081.jpg,Type_3,2
train/Type_3/1167.jpg,Type_3,2
train/Type_3/631.jpg,Type_3,2
train/Type_3/706.jpg,Type_3,2
train/Type_3/124.jpg,Type_3,2
train/Type_3/1086.jpg,Type_3,2
train/Type_3/909.jpg,Type_3,2
train/Type_3/132.jpg,Type_3,2
train/Type_3/737.jpg,Type_3,2
train/Type_3/750.jpg,Type_3,2
train/Type_3/669.jpg,Type_3,2
train/Type_3/511.jpg,Type_3,2
train/Type_3/682.jpg,Type_3,2
train/Type_3/1278.jpg,Type_3,2
train/Type_3/825.jpg,Type_3,2
train/Type_3/617.jpg,Type_3,2
train/Type_3/390.jpg,Type_3,2
train/Type_3/1007.jpg,Type_3,2
train/Type_3/1110.jpg,Type_3,2
train/Type_3/87.jpg,Type_3,2
train/Type_3/638.jpg,Type_3,2
train/Type_3/322.jpg,Type_3,2
train/Type_3/1268.jpg,Type_3,2
train/Type_3/1374.jpg,Type_3,2
train/Type_3/799.jpg,Type_3,2
train/Type_2/105.jpg,Type_2,1
train/Type_2/1238.jpg,Type_2,1
train/Type_2/406.jpg,Type_2,1
train/Type_2/358.jpg,Type_2,1
train/Type_2/1180.jpg,Type_2,1
train/Type_2/464.jpg,Type_2,1
train/Type_2/1213.jpg,Type_2,1
train/Type_2/284.jpg,Type_2,1
train/Type_2/476.jpg,Type_2,1
train/Type_2/819.jpg,Type_2,1
train/Type_2/570.jpg,Type_2,1
train/Type_2/1261.jpg,Type_2,1
train/Type_2/640.jpg,Type_2,1
train/Type_2/1283.jpg,Type_2,1
train/Type_2/64.jpg,Type_2,1
train/Type_2/665.jpg,Type_2,1
train/Type_2/1115.jpg,Type_2,1
train/Type_2/1267.jpg,Type_2,1
train/Type_2/234.jpg,Type_2,1
train/Type_2/534.jpg,Type_2,1
train/Type_2/1195.jpg,Type_2,1
train/Type_2/712.jpg,Type_2,1
train/Type_2/509.jpg,Type_2,1
train/Type_2/9.jpg,Type_2,1
train/Type_2/1301.jpg,Type_2,1
train/Type_2/1255.jpg,Type_2,1
train/Type_2/116.jpg,Type_2,1
train/Type_2/310.jpg,Type_2,1
train/Type_2/882.jpg,Type_2,1
train/Type_2/696.jpg,Type_2,1
train/Type_2/175.jpg,Type_2,1
train/Type_2/1454.jpg,Type_2,1
train/Type_2/1413.jpg,Type_2,1
train/Type_2/655.jpg,Type_2,1
train/Type_2/290.jpg,Type_2,1
train/Type_2/1380.jpg,Type_2,1
train/Type_2/545.jpg,Type_2,1
train/Type_2/53.jpg,Type_2,1
train/Type_2/974.jpg,Type_2,1
train/Type_2/410.jpg,Type_2,1
train/Type_2/888.jpg,Type_2,1
train/Type_2/1185.jpg,Type_2,1
train/Type_2/4.jpg,Type_2,1
train/Type_2/854.jpg,Type_2,1
train/Type_2/1010.jpg,Type_2,1
train/Type_2/738.jpg,Type_2,1
train/Type_2/136.jpg,Type_2,1
train/Type_2/1340.jpg,Type_2,1
train/Type_2/942.jpg,Type_2,1
train/Type_2/1446.jpg,Type_2,1
train/Type_2/772.jpg,Type_2,1
train/Type_2/40.jpg,Type_2,1
train/Type_2/1234.jpg,Type_2,1
train/Type_2/905.jpg,Type_2,1
train/Type_2/213.jpg,Type_2,1
train/Type_2/93.jpg,Type_2,1
train/Type_2/1043.jpg,Type_2,1
train/Type_2/648.jpg,Type_2,1
train/Type_2/1138.jpg,Type_2,1
train/Type_2/559.jpg,Type_2,1
train/Type_2/1426.jpg,Type_2,1
train/Type_2/389.jpg,Type_2,1
train/Type_2/1321.jpg,Type_2,1
train/Type_2/865.jpg,Type_2,1
train/Type_2/288.jpg,Type_2,1
train/Type_2/959.jpg,Type_2,1
train/Type_2/634.jpg,Type_2,1
train/Type_2/1272.jpg,Type_2,1
train/Type_2/42.jpg,Type_2,1
train/Type_2/795.jpg,Type_2,1
train/Type_2/56.jpg,Type_2,1
train/Type_2/412.jpg,Type_2,1
train/Type_2/577.jpg,Type_2,1
train/Type_2/486.jpg,Type_2,1
train/Type_2/1246.jpg,Type_2,1
train/Type_2/541.jpg,Type_2,1
train/Type_2/851.jpg,Type_2,1
train/Type_2/388.jpg,Type_2,1
train/Type_2/1159.jpg,Type_2,1
train/Type_2/1145.jpg,Type_2,1
train/Type_2/303.jpg,Type_2,1
train/Type_2/1104.jpg,Type_2,1
train/Type_2/574.jpg,Type_2,1
train/Type_2/549.jpg,Type_2,1
train/Type_2/844.jpg,Type_2,1
train/Type_2/445.jpg,Type_2,1
train/Type_2/561.jpg,Type_2,1
train/Type_2/274.jpg,Type_2,1
train/Type_2/831.jpg,Type_2,1
train/Type_2/351.jpg,Type_2,1
train/Type_2/1476.jpg,Type_2,1
train/Type_2/503.jpg,Type_2,1
train/Type_2/6.jpg,Type_2,1
train/Type_2/36.jpg,Type_2,1
train/Type_2/1149.jpg,Type_2,1
train/Type_2/94.jpg,Type_2,1
train/Type_2/1462.jpg,Type_2,1
train/Type_2/156.jpg,Type_2,1
train/Type_2/1176.jpg,Type_2,1
train/Type_2/1312.jpg,Type_2,1
train/Type_2/482.jpg,Type_2,1
train/Type_2/1282.jpg,Type_2,1
train/Type_2/698.jpg,Type_2,1
train/Type_2/912.jpg,Type_2,1
train/Type_2/1415.jpg,Type_2,1
train/Type_2/935.jpg,Type_2,1
train/Type_2/1293.jpg,Type_2,1
train/Type_2/393.jpg,Type_2,1
train/Type_2/67.jpg,Type_2,1
train/Type_2/572.jpg,Type_2,1
train/Type_2/521.jpg,Type_2,1
train/Type_2/1299.jpg,Type_2,1
train/Type_2/1073.jpg,Type_2,1
train/Type_2/381.jpg,Type_2,1
train/Type_2/131.jpg,Type_2,1
train/Type_2/860.jpg,Type_2,1
train/Type_2/487.jpg,Type_2,1
train/Type_2/244.jpg,Type_2,1
train/Type_2/1376.jpg,Type_2,1
train/Type_2/678.jpg,Type_2,1
train/Type_2/610.jpg,Type_2,1
train/Type_2/1126.jpg,Type_2,1
train/Type_2/313.jpg,Type_2,1
train/Type_2/529.jpg,Type_2,1
train/Type_2/418.jpg,Type_2,1
train/Type_2/76.jpg,Type_2,1
train/Type_2/74.jpg,Type_2,1
train/Type_2/1331.jpg,Type_2,1
train/Type_2/850.jpg,Type_2,1
train/Type_2/44.jpg,Type_2,1
train/Type_2/419.jpg,Type_2,1
train/Type_2/360.jpg,Type_2,1
train/Type_2/1217.jpg,Type_2,1
train/Type_2/1072.jpg,Type_2,1
train/Type_2/1377.jpg,Type_2,1
train/Type_2/1055.jpg,Type_2,1
train/Type_2/1057.jpg,Type_2,1
train/Type_2/51.jpg,Type_2,1
train/Type_2/1087.jpg,Type_2,1
train/Type_2/1125.jpg,Type_2,1
train/Type_2/1348.jpg,Type_2,1
train/Type_2/1379.jpg,Type_2,1
train/Type_2/86.jpg,Type_2,1
train/Type_2/100.jpg,Type_2,1
train/Type_2/680.jpg,Type_2,1
train/Type_2/1171.jpg,Type_2,1
train/Type_2/639.jpg,Type_2,1
train/Type_2/659.jpg,Type_2,1
train/Type_2/1313.jpg,Type_2,1
train/Type_2/337.jpg,Type_2,1
train/Type_2/110.jpg,Type_2,1
train/Type_2/517.jpg,Type_2,1
train/Type_2/956.jpg,Type_2,1
train/Type_2/988.jpg,Type_2,1
train/Type_2/1011.jpg,Type_2,1
train/Type_2/703.jpg,Type_2,1
train/Type_2/184.jpg,Type_2,1
train/Type_2/722.jpg,Type_2,1
train/Type_2/1337.jpg,Type_2,1
train/Type_2/789.jpg,Type_2,1
train/Type_2/588.jpg,Type_2,1
train/Type_2/506.jpg,Type_2,1
train/Type_2/119.jpg,Type_2,1
train/Type_2/364.jpg,Type_2,1
train/Type_2/1084.jpg,Type_2,1
train/Type_2/729.jpg,Type_2,1
train/Type_2/101.jpg,Type_2,1
train/Type_2/1122.jpg,Type_2,1
train/Type_2/1294.jpg,Type_2,1
train/Type_2/603.jpg,Type_2,1
train/Type_2/1240.jpg,Type_2,1
train/Type_2/345.jpg,Type_2,1
train/Type_2/979.jpg,Type_2,1
train/Type_2/958.jpg,Type_2,1
train/Type_2/1444.jpg,Type_2,1
train/Type_2/824.jpg,Type_2,1
train/Type_2/644.jpg,Type_2,1
train/Type_2/282.jpg,Type_2,1
train/Type_2/1151.jpg,Type_2,1
train/Type_2/453.jpg,Type_2,1
train/Type_2/658.jpg,Type_2,1
train/Type_2/1090.jpg,Type_2,1
train/Type_2/1457.jpg,Type_2,1
train/Type_2/32.jpg,Type_2,1
train/Type_2/95.jpg,Type_2,1
train/Type_2/490.jpg,Type_2,1
train/Type_2/961.jpg,Type_2,1
train/Type_2/123.jpg,Type_2,1
train/Type_2/1302.jpg,Type_2,1
train/Type_2/423.jpg,Type_2,1
train/Type_2/744.jpg,Type_2,1
train/Type_2/915.jpg,Type_2,1
train/Type_2/1436.jpg,Type_2,1
train/Type_2/301.jpg,Type_2,1
train/Type_2/1292.jpg,Type_2,1
train/Type_2/219.jpg,Type_2,1
train/Type_2/552.jpg,Type_2,1
train/Type_2/1359.jpg,Type_2,1
train/Type_2/236.jpg,Type_2,1
train/Type_2/103.jpg,Type_2,1
train/Type_2/662.jpg,Type_2,1
train/Type_2/398.jpg,Type_2,1
train/Type_2/792.jpg,Type_2,1
train/Type_2/1148.jpg,Type_2,1
train/Type_2/84.jpg,Type_2,1
train/Type_2/753.jpg,Type_2,1
train/Type_2/1025.jpg,Type_2,1
train/Type_2/1192.jpg,Type_2,1
train/Type_2/674.jpg,Type_2,1
train/Type_2/1343.jpg,Type_2,1
train/Type_2/717.jpg,Type_2,1
train/Type_2/24.jpg,Type_2,1
train/Type_2/1066.jpg,Type_2,1
train/Type_2/452.jpg,Type_2,1
train/Type_2/97.jpg,Type_2,1
train/Type_2/1365.jpg,Type_2,1
train/Type_2/140.jpg,Type_2,1
train/Type_2/508.jpg,Type_2,1
train/Type_2/1058.jpg,Type_2,1
train/Type_2/1395.jpg,Type_2,1
train/Type_2/233.jpg,Type_2,1
train/Type_2/368.jpg,Type_2,1
train/Type_2/684.jpg,Type_2,1
train/Type_2/374.jpg,Type_2,1
train/Type_2/1357.jpg,Type_2,1
train/Type_2/1098.jpg,Type_2,1
train/Type_2/90.jpg,Type_2,1
train/Type_2/1388.jpg,Type_2,1
train/Type_2/1005.jpg,Type_2,1
train/Type_2/122.jpg,Type_2,1
train/Type_2/1349.jpg,Type_2,1
train/Type_2/162.jpg,Type_2,1
train/Type_2/161.jpg,Type_2,1
train/Type_2/279.jpg,Type_2,1
train/Type_2/92.jpg,Type_2,1
train/Type_2/1099.jpg,Type_2,1
train/Type_2/1311.jpg,Type_2,1
train/Type_2/1451.jpg,Type_2,1
train/Type_2/1304.jpg,Type_2,1
train/Type_2/241.jpg,Type_2,1
train/Type_2/243.jpg,Type_2,1
train/Type_2/1328.jpg,Type_2,1
train/Type_2/1038.jpg,Type_2,1
train/Type_2/1089.jpg,Type_2,1
train/Type_2/1421.jpg,Type_2,1
train/Type_2/925.jpg,Type_2,1
train/Type_2/1158.jpg,Type_2,1
train/Type_2/455.jpg,Type_2,1
train/Type_2/702.jpg,Type_2,1
train/Type_2/1474.jpg,Type_2,1
train/Type_2/22.jpg,Type_2,1
train/Type_2/178.jpg,Type_2,1
train/Type_2/45.jpg,Type_2,1
train/Type_2/1172.jpg,Type_2,1
train/Type_2/970.jpg,Type_2,1
train/Type_2/210.jpg,Type_2,1
train/Type_2/693.jpg,Type_2,1
train/Type_2/1085.jpg,Type_2,1
train/Type_2/960.jpg,Type_2,1
train/Type_2/884.jpg,Type_2,1
train/Type_2/149.jpg,Type_2,1
train/Type_2/922.jpg,Type_2,1
train/Type_2/483.jpg,Type_2,1
train/Type_2/448.jpg,Type_2,1
train/Type_2/1467.jpg,Type_2,1
train/Type_2/1249.jpg,Type_2,1
train/Type_2/563.jpg,Type_2,1
train/Type_2/120.jpg,Type_2,1
train/Type_2/1147.jpg,Type_2,1
train/Type_2/117.jpg,Type_2,1
train/Type_2/1065.jpg,Type_2,1
train/Type_2/987.jpg,Type_2,1
train/Type_2/622.jpg,Type_2,1
train/Type_2/632.jpg,Type_2,1
train/Type_2/457.jpg,Type_2,1
train/Type_2/447.jpg,Type_2,1
train/Type_2/1116.jpg,Type_2,1
train/Type_2/564.jpg,Type_2,1
train/Type_2/741.jpg,Type_2,1
train/Type_2/569.jpg,Type_2,1
train/Type_2/790.jpg,Type_2,1
train/Type_2/904.jpg,Type_2,1
train/Type_2/540.jpg,Type_2,1
train/Type_2/43.jpg,Type_2,1
train/Type_2/270.jpg,Type_2,1
train/Type_2/994.jpg,Type_2,1
train/Type_2/165.jpg,Type_2,1
train/Type_2/1018.jpg,Type_2,1
train/Type_2/1342.jpg,Type_2,1
train/Type_2/458.jpg,Type_2,1
train/Type_2/1433.jpg,Type_2,1
train/Type_2/1318.jpg,Type_2,1
train/Type_2/496.jpg,Type_2,1
train/Type_2/699.jpg,Type_2,1
train/Type_2/797.jpg,Type_2,1
train/Type_2/1260.jpg,Type_2,1
train/Type_2/271.jpg,Type_2,1
train/Type_2/859.jpg,Type_2,1
train/Type_2/1316.jpg,Type_2,1
train/Type_2/1405.jpg,Type_2,1
train/Type_2/771.jpg,Type_2,1
train/Type_2/775.jpg,Type_2,1
train/Type_2/54.jpg,Type_2,1
train/Type_2/1022.jpg,Type_2,1
train/Type_2/1184.jpg,Type_2,1
train/Type_2/250.jpg,Type_2,1
train/Type_2/515.jpg,Type_2,1
train/Type_2/863.jpg,Type_2,1
train/Type_2/813.jpg,Type_2,1
train/Type_2/359.jpg,Type_2,1
train/Type_2/317.jpg,Type_2,1
train/Type_2/206.jpg,Type_2,1
train/Type_2/691.jpg,Type_2,1
train/Type_2/29.jpg,Type_2,1
train/Type_2/871.jpg,Type_2,1
train/Type_2/705.jpg,Type_2,1
train/Type_2/1383.jpg,Type_2,1
train/Type_2/544.jpg,Type_2,1
train/Type_2/903.jpg,Type_2,1
train/Type_2/1443.jpg,Type_2,1
train/Type_2/326.jpg,Type_2,1
train/Type_2/934.jpg,Type_2,1
train/Type_2/861.jpg,Type_2,1
train/Type_2/992.jpg,Type_2,1
train/Type_2/276.jpg,Type_2,1
train/Type_2/973.jpg,Type_2,1
train/Type_2/371.jpg,Type_2,1
train/Type_2/460.jpg,Type_2,1
train/Type_2/1097.jpg,Type_2,1
train/Type_2/314.jpg,Type_2,1
train/Type_2/686.jpg,Type_2,1
train/Type_2/1083.jpg,Type_2,1
train/Type_2/832.jpg,Type_2,1
train/Type_2/673.jpg,Type_2,1
train/Type_2/919.jpg,Type_2,1
train/Type_2/1317.jpg,Type_2,1
train/Type_2/804.jpg,Type_2,1
train/Type_2/1144.jpg,Type_2,1
train/Type_2/681.jpg,Type_2,1
train/Type_2/1428.jpg,Type_2,1
train/Type_2/1295.jpg,Type_2,1
train/Type_2/1472.jpg,Type_2,1
train/Type_2/429.jpg,Type_2,1
train/Type_2/507.jpg,Type_2,1
train/Type_2/164.jpg,Type_2,1
train/Type_2/85.jpg,Type_2,1
train/Type_2/127.jpg,Type_2,1
train/Type_2/1121.jpg,Type_2,1
train/Type_2/591.jpg,Type_2,1
train/Type_2/768.jpg,Type_2,1
train/Type_2/1076.jpg,Type_2,1
train/Type_2/407.jpg,Type_2,1
train/Type_2/185.jpg,Type_2,1
train/Type_2/911.jpg,Type_2,1
train/Type_2/240.jpg,Type_2,1
train/Type_2/112.jpg,Type_2,1
train/Type_2/616.jpg,Type_2,1
train/Type_2/128.jpg,Type_2,1
train/Type_2/331.jpg,Type_2,1
train/Type_2/827.jpg,Type_2,1
train/Type_2/268.jpg,Type_2,1
train/Type_2/329.jpg,Type_2,1
train/Type_2/522.jpg,Type_2,1
train/Type_2/528.jpg,Type_2,1
train/Type_2/177.jpg,Type_2,1
train/Type_2/46.jpg,Type_2,1
train/Type_2/971.jpg,Type_2,1
train/Type_2/1242.jpg,Type_2,1
train/Type_2/611.jpg,Type_2,1
train/Type_2/1368.jpg,Type_2,1
train/Type_2/72.jpg,Type_2,1
train/Type_2/488.jpg,Type_2,1
train/Type_2/548.jpg,Type_2,1
train/Type_2/1445.jpg,Type_2,1
train/Type_2/21.jpg,Type_2,1
train/Type_2/107.jpg,Type_2,1
train/Type_2/896.jpg,Type_2,1
train/Type_2/546.jpg,Type_2,1
train/Type_2/1203.jpg,Type_2,1
train/Type_2/1175.jpg,Type_2,1
train/Type_2/1424.jpg,Type_2,1
train/Type_2/1173.jpg,Type_2,1
train/Type_2/862.jpg,Type_2,1
train/Type_2/716.jpg,Type_2,1
train/Type_2/473.jpg,Type_2,1
train/Type_2/613.jpg,Type_2,1
train/Type_2/17.jpg,Type_2,1
train/Type_2/981.jpg,Type_2,1
train/Type_2/1156.jpg,Type_2,1
train/Type_2/957.jpg,Type_2,1
train/Type_2/886.jpg,Type_2,1
train/Type_2/159.jpg,Type_2,1
train/Type_2/60.jpg,Type_2,1
train/Type_2/235.jpg,Type_2,1
train/Type_2/395.jpg,Type_2,1
train/Type_2/1051.jpg,Type_2,1
train/Type_2/1262.jpg,Type_2,1
train/Type_2/224.jpg,Type_2,1
train/Type_2/91.jpg,Type_2,1
train/Type_2/614.jpg,Type_2,1
train/Type_2/657.jpg,Type_2,1
train/Type_2/1132.jpg,Type_2,1
train/Type_2/1243.jpg,Type_2,1
train/Type_2/189.jpg,Type_2,1
train/Type_2/867.jpg,Type_2,1
train/Type_2/167.jpg,Type_2,1
train/Type_2/841.jpg,Type_2,1
train/Type_2/437.jpg,Type_2,1
train/Type_2/183.jpg,Type_2,1
train/Type_2/99.jpg,Type_2,1
train/Type_2/353.jpg,Type_2,1
train/Type_2/147.jpg,Type_2,1
train/Type_2/319.jpg,Type_2,1
train/Type_2/408.jpg,Type_2,1
train/Type_2/1209.jpg,Type_2,1
train/Type_2/537.jpg,Type_2,1
train/Type_2/413.jpg,Type_2,1
train/Type_2/382.jpg,Type_2,1
train/Type_2/749.jpg,Type_2,1
train/Type_2/597.jpg,Type_2,1
train/Type_2/793.jpg,Type_2,1
train/Type_2/1198.jpg,Type_2,1
train/Type_2/1325.jpg,Type_2,1
train/Type_2/1266.jpg,Type_2,1
train/Type_2/283.jpg,Type_2,1
train/Type_2/1047.jpg,Type_2,1
train/Type_2/1315.jpg,Type_2,1
train/Type_2/461.jpg,Type_2,1
train/Type_2/1103.jpg,Type_2,1
train/Type_2/1117.jpg,Type_2,1
train/Type_2/1036.jpg,Type_2,1
train/Type_2/1439.jpg,Type_2,1
train/Type_2/1369.jpg,Type_2,1
train/Type_2/1233.jpg,Type_2,1
train/Type_2/386.jpg,Type_2,1
train/Type_2/293.jpg,Type_2,1
train/Type_2/133.jpg,Type_2,1
train/Type_2/440.jpg,Type_2,1
train/Type_2/1407.jpg,Type_2,1
train/Type_2/1452.jpg,Type_2,1
train/Type_2/115.jpg,Type_2,1
train/Type_2/394.jpg,Type_2,1
train/Type_2/1298.jpg,Type_2,1
train/Type_2/225.jpg,Type_2,1
train/Type_2/1471.jpg,Type_2,1
train/Type_2/37.jpg,Type_2,1
train/Type_2/874.jpg,Type_2,1
train/Type_2/1216.jpg,Type_2,1
train/Type_2/375.jpg,Type_2,1
train/Type_2/608.jpg,Type_2,1
train/Type_2/296.jpg,Type_2,1
train/Type_2/609.jpg,Type_2,1
train/Type_2/367.jpg,Type_2,1
train/Type_2/223.jpg,Type_2,1
train/Type_2/1135.jpg,Type_2,1
train/Type_2/1363.jpg,Type_2,1
train/Type_2/724.jpg,Type_2,1
train/Type_2/932.jpg,Type_2,1
train/Type_2/963.jpg,Type_2,1
train/Type_2/589.jpg,Type_2,1
train/Type_2/227.jpg,Type_2,1
train/Type_2/1078.jpg,Type_2,1
train/Type_2/15.jpg,Type_2,1
train/Type_2/976.jpg,Type_2,1
train/Type_2/1334.jpg,Type_2,1
train/Type_2/1406.jpg,Type_2,1
train/Type_2/830.jpg,Type_2,1
train/Type_2/1074.jpg,Type_2,1
train/Type_2/378.jpg,Type_2,1
train/Type_2/1044.jpg,Type_2,1
train/Type_2/615.jpg,Type_2,1
train/Type_2/1109.jpg,Type_2,1
train/Type_2/1152.jpg,Type_2,1
train/Type_2/1001.jpg,Type_2,1
train/Type_2/126.jpg,Type_2,1
train/Type_2/1039.jpg,Type_2,1
train/Type_2/1181.jpg,Type_2,1
train/Type_2/985.jpg,Type_2,1
train/Type_2/547.jpg,Type_2,1
train/Type_2/687.jpg,Type_2,1
train/Type_2/525.jpg,Type_2,1
train/Type_2/414.jpg,Type_2,1
train/Type_2/1354.jpg,Type_2,1
train/Type_2/66.jpg,Type_2,1
train/Type_2/121.jpg,Type_2,1
train/Type_2/1227.jpg,Type_2,1
train/Type_2/858.jpg,Type_2,1
train/Type_2/1143.jpg,Type_2,1
train/Type_2/1142.jpg,Type_2,1
train/Type_2/760.jpg,Type_2,1
train/Type_2/1378.jpg,Type_2,1
train/Type_2/1106.jpg,Type_2,1
train/Type_2/1188.jpg,Type_2,1
train/Type_2/2.jpg,Type_2,1
train/Type_2/385.jpg,Type_2,1
train/Type_2/1338.jpg,Type_2,1
train/Type_2/1017.jpg,Type_2,1
train/Type_2/1178.jpg,Type_2,1
train/Type_2/19.jpg,Type_2,1
train/Type_2/656.jpg,Type_2,1
train/Type_2/707.jpg,Type_2,1
train/Type_2/807.jpg,Type_2,1
train/Type_2/726.jpg,Type_2,1
train/Type_2/1054.jpg,Type_2,1
train/Type_2/533.jpg,Type_2,1
train/Type_2/348.jpg,Type_2,1
train/Type_2/607.jpg,Type_2,1
train/Type_2/1466.jpg,Type_2,1
train/Type_2/1215.jpg,Type_2,1
train/Type_2/701.jpg,Type_2,1
train/Type_2/781.jpg,Type_2,1
train/Type_2/77.jpg,Type_2,1
train/Type_2/403.jpg,Type_2,1
train/Type_2/1303.jpg,Type_2,1
train/Type_2/502.jpg,Type_2,1
train/Type_2/1042.jpg,Type_2,1
train/Type_2/231.jpg,Type_2,1
train/Type_2/1046.jpg,Type_2,1
train/Type_2/838.jpg,Type_2,1
train/Type_2/80.jpg,Type_3,2
train/Type_2/216.jpg,Type_2,1
train/Type_2/1218.jpg,Type_2,1
train/Type_2/1169.jpg,Type_2,1
train/Type_2/39.jpg,Type_2,1
train/Type_2/964.jpg,Type_2,1
train/Type_2/420.jpg,Type_2,1
train/Type_2/485.jpg,Type_2,1
train/Type_2/1124.jpg,Type_2,1
train/Type_2/666.jpg,Type_2,1
train/Type_2/723.jpg,Type_2,1
train/Type_2/938.jpg,Type_2,1
train/Type_2/621.jpg,Type_2,1
train/Type_2/28.jpg,Type_2,1
train/Type_2/505.jpg,Type_2,1
train/Type_2/1067.jpg,Type_2,1
train/Type_2/868.jpg,Type_2,1
train/Type_2/592.jpg,Type_2,1
train/Type_2/173.jpg,Type_2,1
train/Type_2/1211.jpg,Type_2,1
train/Type_2/52.jpg,Type_2,1
train/Type_2/1435.jpg,Type_2,1
train/Type_2/720.jpg,Type_2,1
train/Type_2/652.jpg,Type_2,1
train/Type_2/501.jpg,Type_2,1
train/Type_2/852.jpg,Type_2,1
train/Type_2/1012.jpg,Type_2,1
train/Type_2/566.jpg,Type_2,1
train/Type_2/1329.jpg,Type_2,1
train/Type_2/1141.jpg,Type_2,1
train/Type_2/1271.jpg,Type_2,1
train/Type_2/786.jpg,Type_2,1
train/Type_2/1119.jpg,Type_2,1
train/Type_2/186.jpg,Type_2,1
train/Type_2/754.jpg,Type_2,1
train/Type_2/1353.jpg,Type_2,1
train/Type_2/568.jpg,Type_2,1
train/Type_2/78.jpg,Type_2,1
train/Type_2/1197.jpg,Type_2,1
train/Type_2/1201.jpg,Type_2,1
train/Type_2/1035.jpg,Type_2,1
train/Type_2/1322.jpg,Type_2,1
train/Type_2/499.jpg,Type_2,1
train/Type_2/1418.jpg,Type_2,1
train/Type_2/834.jpg,Type_2,1
train/Type_2/967.jpg,Type_2,1
train/Type_2/195.jpg,Type_2,1
train/Type_2/89.jpg,Type_2,1
train/Type_2/312.jpg,Type_2,1
train/Type_2/432.jpg,Type_2,1
train/Type_2/1373.jpg,Type_2,1
train/Type_2/997.jpg,Type_2,1
train/Type_2/1362.jpg,Type_2,1
train/Type_2/743.jpg,Type_2,1
train/Type_2/1258.jpg,Type_2,1
train/Type_2/264.jpg,Type_2,1
train/Type_2/990.jpg,Type_2,1
train/Type_2/190.jpg,Type_2,1
train/Type_2/843.jpg,Type_2,1
train/Type_2/688.jpg,Type_2,1
train/Type_2/443.jpg,Type_2,1
train/Type_2/1096.jpg,Type_2,1
train/Type_2/1021.jpg,Type_2,1
train/Type_2/1102.jpg,Type_2,1
train/Type_2/411.jpg,Type_2,1
train/Type_2/524.jpg,Type_2,1
train/Type_2/602.jpg,Type_2,1
train/Type_2/316.jpg,Type_2,1
train/Type_2/204.jpg,Type_2,1
train/Type_2/586.jpg,Type_2,1
train/Type_2/68.jpg,Type_2,1
train/Type_2/365.jpg,Type_2,1
train/Type_2/266.jpg,Type_2,1
train/Type_2/1016.jpg,Type_2,1
train/Type_2/748.jpg,Type_2,1
train/Type_2/1297.jpg,Type_2,1
train/Type_2/1399.jpg,Type_2,1
train/Type_2/1114.jpg,Type_2,1
train/Type_2/1463.jpg,Type_2,1
train/Type_2/704.jpg,Type_2,1
train/Type_2/1310.jpg,Type_2,1
train/Type_2/762.jpg,Type_2,1
train/Type_2/1032.jpg,Type_2,1
train/Type_2/493.jpg,Type_2,1
train/Type_2/1356.jpg,Type_2,1
train/Type_2/1449.jpg,Type_2,1
train/Type_2/1212.jpg,Type_2,1
train/Type_2/137.jpg,Type_2,1
train/Type_2/302.jpg,Type_2,1
train/Type_2/948.jpg,Type_2,1
train/Type_2/1196.jpg,Type_2,1
train/Type_2/1276.jpg,Type_2,1
train/Type_2/1075.jpg,Type_2,1
train/Type_2/557.jpg,Type_2,1
train/Type_2/647.jpg,Type_2,1
train/Type_2/397.jpg,Type_2,1
train/Type_2/847.jpg,Type_2,1
train/Type_2/369.jpg,Type_2,1
train/Type_2/1391.jpg,Type_2,1
train/Type_2/377.jpg,Type_2,1
train/Type_2/157.jpg,Type_2,1
train/Type_2/1465.jpg,Type_2,1
train/Type_2/1392.jpg,Type_2,1
train/Type_2/1214.jpg,Type_2,1
train/Type_2/913.jpg,Type_2,1
train/Type_2/472.jpg,Type_2,1
train/Type_2/714.jpg,Type_2,1
train/Type_2/1068.jpg,Type_2,1
train/Type_2/315.jpg,Type_2,1
train/Type_2/939.jpg,Type_2,1
train/Type_2/1438.jpg,Type_2,1
train/Type_2/756.jpg,Type_2,1
train/Type_2/1305.jpg,Type_2,1
train/Type_2/192.jpg,Type_2,1
train/Type_2/940.jpg,Type_2,1
train/Type_2/955.jpg,Type_2,1
train/Type_2/168.jpg,Type_2,1
train/Type_2/936.jpg,Type_2,1
train/Type_2/526.jpg,Type_2,1
train/Type_2/366.jpg,Type_2,1
train/Type_2/612.jpg,Type_2,1
train/Type_2/1263.jpg,Type_2,1
train/Type_2/372.jpg,Type_2,1
train/Type_2/1160.jpg,Type_2,1
train/Type_2/798.jpg,Type_2,1
train/Type_2/581.jpg,Type_2,1
train/Type_2/1250.jpg,Type_2,1
train/Type_2/1118.jpg,Type_2,1
train/Type_2/857.jpg,Type_2,1
train/Type_2/153.jpg,Type_2,1
train/Type_2/1231.jpg,Type_2,1
train/Type_2/1253.jpg,Type_2,1
train/Type_2/1386.jpg,Type_2,1
train/Type_2/400.jpg,Type_2,1
train/Type_2/595.jpg,Type_2,1
train/Type_2/251.jpg,Type_2,1
train/Type_2/1411.jpg,Type_2,1
train/Type_2/1398.jpg,Type_2,1
train/Type_2/428.jpg,Type_2,1
train/Type_2/633.jpg,Type_2,1
train/Type_2/719.jpg,Type_2,1
train/Type_2/1236.jpg,Type_2,1
train/Type_2/989.jpg,Type_2,1
train/Type_2/198.jpg,Type_2,1
train/Type_2/1352.jpg,Type_2,1
train/Type_2/556.jpg,Type_2,1
train/Type_2/777.jpg,Type_2,1
train/Type_2/1416.jpg,Type_2,1
train/Type_2/354.jpg,Type_2,1
train/Type_2/978.jpg,Type_2,1
train/Type_2/1146.jpg,Type_2,1
train/Type_2/285.jpg,Type_2,1
train/Type_2/1290.jpg,Type_2,1
train/Type_2/676.jpg,Type_2,1
train/Type_2/203.jpg,Type_2,1
train/Type_2/246.jpg,Type_2,1
train/Type_2/933.jpg,Type_2,1
train/Type_2/671.jpg,Type_2,1
train/Type_2/1222.jpg,Type_2,1
train/Type_2/404.jpg,Type_2,1
train/Type_2/829.jpg,Type_2,1
train/Type_2/849.jpg,Type_2,1
train/Type_2/1225.jpg,Type_2,1
train/Type_2/1478.jpg,Type_2,1
train/Type_2/456.jpg,Type_2,1
train/Type_2/1453.jpg,Type_2,1
train/Type_2/642.jpg,Type_2,1
train/Type_2/305.jpg,Type_2,1
train/Type_2/278.jpg,Type_2,1
train/Type_2/8.jpg,Type_2,1
train/Type_2/1006.jpg,Type_2,1
train/Type_2/1049.jpg,Type_2,1
train/Type_2/1480.jpg,Type_2,1
train/Type_2/1441.jpg,Type_2,1
train/Type_2/946.jpg,Type_2,1
train/Type_2/1.jpg,Type_2,1
train/Type_2/451.jpg,Type_2,1
train/Type_2/542.jpg,Type_2,1
train/Type_2/182.jpg,Type_2,1
train/Type_2/65.jpg,Type_2,1
train/Type_2/340.jpg,Type_2,1
train/Type_2/1358.jpg,Type_2,1
train/Type_2/651.jpg,Type_2,1
train/Type_2/1319.jpg,Type_2,1
train/Type_2/618.jpg,Type_2,1
train/Type_2/79.jpg,Type_2,1
train/Type_2/1450.jpg,Type_2,1
train/Type_2/730.jpg,Type_2,1
train/Type_2/761.jpg,Type_2,1
train/Type_2/291.jpg,Type_2,1
train/Type_2/816.jpg,Type_2,1
train/Type_2/238.jpg,Type_2,1
train/Type_2/1257.jpg,Type_2,1
train/Type_2/1050.jpg,Type_2,1
train/Type_2/1091.jpg,Type_2,1
train/Type_2/1205.jpg,Type_2,1
train/Type_2/449.jpg,Type_2,1
train/Type_2/1130.jpg,Type_2,1
train/Type_2/339.jpg,Type_2,1
train/Type_2/1361.jpg,Type_2,1
train/Type_2/1419.jpg,Type_2,1
train/Type_2/937.jpg,Type_2,1
train/Type_2/929.jpg,Type_2,1
train/Type_2/966.jpg,Type_2,1
train/Type_2/999.jpg,Type_2,1
train/Type_2/538.jpg,Type_2,1
train/Type_2/815.jpg,Type_2,1
train/Type_2/1193.jpg,Type_2,1
train/Type_2/332.jpg,Type_2,1
train/Type_2/1241.jpg,Type_2,1
train/Type_2/926.jpg,Type_2,1
train/Type_2/584.jpg,Type_2,1
train/Type_2/75.jpg,Type_2,1
train/Type_2/1371.jpg,Type_2,1
train/Type_2/255.jpg,Type_2,1
train/Type_2/152.jpg,Type_2,1
train/Type_2/894.jpg,Type_2,1
train/Type_2/26.jpg,Type_2,1
train/Type_2/330.jpg,Type_2,1
train/Type_2/1432.jpg,Type_2,1
train/Type_2/31.jpg,Type_2,1
train/Type_2/88.jpg,Type_2,1
train/Type_2/343.jpg,Type_2,1
train/Type_2/462.jpg,Type_2,1
train/Type_2/1247.jpg,Type_2,1
train/Type_2/1002.jpg,Type_2,1
train/Type_2/474.jpg,Type_2,1
train/Type_2/1210.jpg,Type_2,1
train/Type_2/1228.jpg,Type_2,1
train/Type_2/883.jpg,Type_2,1
train/Type_2/209.jpg,Type_2,1
train/Type_2/341.jpg,Type_2,1
train/Type_2/442.jpg,Type_2,1
train/Type_2/1155.jpg,Type_2,1
train/Type_2/438.jpg,Type_2,1
train/Type_2/794.jpg,Type_2,1
train/Type_2/504.jpg,Type_2,1
train/Type_2/856.jpg,Type_2,1
train/Type_2/969.jpg,Type_2,1
train/Type_2/1330.jpg,Type_2,1
train/Type_2/257.jpg,Type_2,1
train/Type_2/826.jpg,Type_2,1
train/Type_2/1189.jpg,Type_2,1
train/Type_2/1269.jpg,Type_2,1
train/Type_2/1264.jpg,Type_2,1
train/Type_2/535.jpg,Type_2,1
train/Type_2/134.jpg,Type_2,1
train/Type_2/718.jpg,Type_2,1
train/Type_2/1187.jpg,Type_2,1
train/Type_2/1140.jpg,Type_2,1
train/Type_2/1219.jpg,Type_2,1
train/Type_2/151.jpg,Type_2,1
train/Type_2/1327.jpg,Type_2,1
train/Type_2/601.jpg,Type_2,1
train/Type_2/297.jpg,Type_2,1
train/Type_2/1186.jpg,Type_2,1
train/Type_2/1381.jpg,Type_2,1
train/Type_2/785.jpg,Type_2,1
train/Type_2/444.jpg,Type_2,1
train/Type_2/1385.jpg,Type_2,1
train/Type_2/1345.jpg,Type_2,1
train/Type_2/1170.jpg,Type_2,1
